arch,cpu-clock,isa,l1d_assoc,l1d_cache_lines,l1d_shared_by_threads,l1d_size,l2_assoc,l2_cache_lines,l2_shared_by_threads,l2_size,l3_assoc,l3_cache_lines,l3_shared_by_threads,l3_size,mem-size,mem-type,mem_clock,num-cpus,runtime,bus_speed
IntelCore2Duo_DDR2667_2GB,1.6,X86_64,8,64,1,32,2,64,1,512,0,0,0,0,2,DDR2,667,1,7049.8,2048
IntelCore2Duo_DDR2667_2GB,1.6,X86_64,8,64,1,32,2,64,1,512,0,0,0,0,2,DDR2,667,2,5936.48,2048
IntelCore2Duo_DDR2667_2GB,1.6,X86_64,8,64,1,32,2,64,1,512,0,0,0,0,2,DDR2,667,3,6163.2,2048
IntelCore2Duo_DDR2667_2GB,1.6,X86_64,8,64,1,32,2,64,1,512,0,0,0,0,2,DDR2,667,4,5656.76,2048
IntelCore2Duo_DDR2667_2GB,1.6,X86_64,8,64,1,32,2,64,1,512,0,0,0,0,2,DDR2,667,5,5899.16,2048
IntelCore2Duo_DDR2667_2GB,1.6,X86_64,8,64,1,32,2,64,1,512,0,0,0,0,2,DDR2,667,6,5675.4,2048
IntelCore2Duo_DDR2667_2GB,1.6,X86_64,8,64,1,32,2,64,1,512,0,0,0,0,2,DDR2,667,7,5378.96,2048
IntelCore2Duo_DDR2667_2GB,1.6,X86_64,8,64,1,32,2,64,1,512,0,0,0,0,2,DDR2,667,8,5242.44,2048
IntelCorei54460_DDR31600_4GB,3.2,X86_64,8,64,1,32,8,64,1,256,12,64,4,6144,4,DDR3,1600,1,7049.8,2048
IntelCorei54460_DDR31600_4GB,3.2,X86_64,8,64,1,32,8,64,1,256,12,64,4,6144,4,DDR3,1600,2,5936.48,2048
IntelCorei54460_DDR31600_4GB,3.2,X86_64,8,64,1,32,8,64,1,256,12,64,4,6144,4,DDR3,1600,3,6163.2,2048
IntelCorei54460_DDR31600_4GB,3.2,X86_64,8,64,1,32,8,64,1,256,12,64,4,6144,4,DDR3,1600,4,5656.76,2048
IntelCorei54460_DDR31600_4GB,3.2,X86_64,8,64,1,32,8,64,1,256,12,64,4,6144,4,DDR3,1600,5,5899.16,2048
IntelCorei54460_DDR31600_4GB,3.2,X86_64,8,64,1,32,8,64,1,256,12,64,4,6144,4,DDR3,1600,6,5675.4,2048
IntelCorei54460_DDR31600_4GB,3.2,X86_64,8,64,1,32,8,64,1,256,12,64,4,6144,4,DDR3,1600,7,5378.96,2048
IntelCorei54460_DDR31600_4GB,3.2,X86_64,8,64,1,32,8,64,1,256,12,64,4,6144,4,DDR3,1600,8,5242.44,2048
IntelCorei56500_DDR31600_4GB,3.2,X86_64,8,64,1,32,4,64,1,256,12,64,4,6144,4,DDR3,1600,1,7049.8,4096
IntelCorei56500_DDR31600_4GB,3.2,X86_64,8,64,1,32,4,64,1,256,12,64,4,6144,4,DDR3,1600,2,5936.48,4096
IntelCorei56500_DDR31600_4GB,3.2,X86_64,8,64,1,32,4,64,1,256,12,64,4,6144,4,DDR3,1600,3,6163.2,4096
IntelCorei56500_DDR31600_4GB,3.2,X86_64,8,64,1,32,4,64,1,256,12,64,4,6144,4,DDR3,1600,4,5656.76,4096
IntelCorei56500_DDR31600_4GB,3.2,X86_64,8,64,1,32,4,64,1,256,12,64,4,6144,4,DDR3,1600,5,5899.16,4096
IntelCorei56500_DDR31600_4GB,3.2,X86_64,8,64,1,32,4,64,1,256,12,64,4,6144,4,DDR3,1600,6,5675.4,4096
IntelCorei56500_DDR31600_4GB,3.2,X86_64,8,64,1,32,4,64,1,256,12,64,4,6144,4,DDR3,1600,7,5378.96,4096
IntelCorei56500_DDR31600_4GB,3.2,X86_64,8,64,1,32,4,64,1,256,12,64,4,6144,4,DDR3,1600,8,5242.44,4096
IntelXeonE52620_DDR41866_16GB,2.4,X86_64,8,64,1,32,8,64,1,256,8,64,12,15360,16,DDR4,1866,1,12945.4,32768
IntelXeonE52620_DDR41866_16GB,2.4,X86_64,8,64,1,32,8,64,1,256,8,64,12,15360,16,DDR4,1866,2,10084.36,32768
IntelXeonE52620_DDR41866_16GB,2.4,X86_64,8,64,1,32,8,64,1,256,8,64,12,15360,16,DDR4,1866,3,9943.28,32768
IntelXeonE52620_DDR41866_16GB,2.4,X86_64,8,64,1,32,8,64,1,256,8,64,12,15360,16,DDR4,1866,4,9433.28,32768
IntelXeonE52620_DDR41866_16GB,2.4,X86_64,8,64,1,32,8,64,1,256,8,64,12,15360,16,DDR4,1866,5,8592.68,32768
IntelXeonE52620_DDR41866_16GB,2.4,X86_64,8,64,1,32,8,64,1,256,8,64,12,15360,16,DDR4,1866,6,7829.96,32768
IntelXeonE52620_DDR41866_16GB,2.4,X86_64,8,64,1,32,8,64,1,256,8,64,12,15360,16,DDR4,1866,7,7747.32,32768
IntelXeonE52620_DDR41866_16GB,2.4,X86_64,8,64,1,32,8,64,1,256,8,64,12,15360,16,DDR4,1866,8,7541.84,32768
IntelCorei56500_DDR42133_4GB,3.2,X86_64,8,64,1,32,4,64,1,256,12,64,4,6144,4,DDR4,2133,1,7049.8,4096
IntelCorei56500_DDR42133_4GB,3.2,X86_64,8,64,1,32,4,64,1,256,12,64,4,6144,4,DDR4,2133,2,5936.48,4096
IntelCorei56500_DDR42133_4GB,3.2,X86_64,8,64,1,32,4,64,1,256,12,64,4,6144,4,DDR4,2133,3,6163.2,4096
IntelCorei56500_DDR42133_4GB,3.2,X86_64,8,64,1,32,4,64,1,256,12,64,4,6144,4,DDR4,2133,4,5656.76,4096
IntelCorei56500_DDR42133_4GB,3.2,X86_64,8,64,1,32,4,64,1,256,12,64,4,6144,4,DDR4,2133,5,5899.16,4096
IntelCorei56500_DDR42133_4GB,3.2,X86_64,8,64,1,32,4,64,1,256,12,64,4,6144,4,DDR4,2133,6,5675.4,4096
IntelCorei56500_DDR42133_4GB,3.2,X86_64,8,64,1,32,4,64,1,256,12,64,4,6144,4,DDR4,2133,7,5378.96,4096
IntelCorei56500_DDR42133_4GB,3.2,X86_64,8,64,1,32,4,64,1,256,12,64,4,6144,4,DDR4,2133,8,5242.44,4096
IntelCorei53470_DDR31600_4GB,3.2,X86_64,8,64,1,32,4,64,1,256,12,64,4,6144,4,DDR3,1600,1,7049.8,1024
IntelCorei53470_DDR31600_4GB,3.2,X86_64,8,64,1,32,4,64,1,256,12,64,4,6144,4,DDR3,1600,2,5936.48,1024
IntelCorei53470_DDR31600_4GB,3.2,X86_64,8,64,1,32,4,64,1,256,12,64,4,6144,4,DDR3,1600,3,6163.2,1024
IntelCorei53470_DDR31600_4GB,3.2,X86_64,8,64,1,32,4,64,1,256,12,64,4,6144,4,DDR3,1600,4,5656.76,1024
IntelCorei53470_DDR31600_4GB,3.2,X86_64,8,64,1,32,4,64,1,256,12,64,4,6144,4,DDR3,1600,5,5899.16,1024
IntelCorei53470_DDR31600_4GB,3.2,X86_64,8,64,1,32,4,64,1,256,12,64,4,6144,4,DDR3,1600,6,5675.4,1024
IntelCorei53470_DDR31600_4GB,3.2,X86_64,8,64,1,32,4,64,1,256,12,64,4,6144,4,DDR3,1600,7,5378.96,1024
IntelCorei53470_DDR31600_4GB,3.2,X86_64,8,64,1,32,4,64,1,256,12,64,4,6144,4,DDR3,1600,8,5242.44,1024
IntelCorei53470_DDR31600_4GB,3.4,X86_64,16,64,1,32,16,64,1,256,48,64,4,6144,4,DDR3,1600,1,7049.8,1024
IntelCorei53470_DDR31600_4GB,3.4,X86_64,16,64,1,32,16,64,1,256,48,64,4,6144,4,DDR3,1600,2,5936.48,1024
IntelCorei53470_DDR31600_4GB,3.4,X86_64,16,64,1,32,16,64,1,256,48,64,4,6144,4,DDR3,1600,3,6163.2,1024
IntelCorei53470_DDR31600_4GB,3.4,X86_64,16,64,1,32,16,64,1,256,48,64,4,6144,4,DDR3,1600,4,5656.76,1024
IntelCorei53470_DDR31600_4GB,3.4,X86_64,16,64,1,32,16,64,1,256,48,64,4,6144,4,DDR3,1600,5,5899.16,1024
IntelCorei53470_DDR31600_4GB,3.4,X86_64,16,64,1,32,16,64,1,256,48,64,4,6144,4,DDR3,1600,6,5675.4,1024
IntelCorei53470_DDR31600_4GB,3.4,X86_64,16,64,1,32,16,64,1,256,48,64,4,6144,4,DDR3,1600,7,5378.96,1024
IntelCorei53470_DDR31600_4GB,3.4,X86_64,16,64,1,32,16,64,1,256,48,64,4,6144,4,DDR3,1600,8,5242.44,1024
IntelCorei76500U_DDR31600_8GB,3,X86_64,8,64,1,32,8,64,1,256,16,64,4,4096,4,DDR3,1600,1,7049.8,4096
IntelCorei76500U_DDR31600_8GB,3,X86_64,8,64,1,32,8,64,1,256,16,64,4,4096,4,DDR3,1600,2,5936.48,4096
IntelCorei76500U_DDR31600_8GB,3,X86_64,8,64,1,32,8,64,1,256,16,64,4,4096,4,DDR3,1600,3,6163.2,4096
IntelCorei76500U_DDR31600_8GB,3,X86_64,8,64,1,32,8,64,1,256,16,64,4,4096,4,DDR3,1600,4,5656.76,4096
IntelCorei76500U_DDR31600_8GB,3,X86_64,8,64,1,32,8,64,1,256,16,64,4,4096,4,DDR3,1600,5,5899.16,4096
IntelCorei76500U_DDR31600_8GB,3,X86_64,8,64,1,32,8,64,1,256,16,64,4,4096,4,DDR3,1600,6,5675.4,4096
IntelCorei76500U_DDR31600_8GB,3,X86_64,8,64,1,32,8,64,1,256,16,64,4,4096,4,DDR3,1600,7,5378.96,4096
IntelCorei76500U_DDR31600_8GB,3,X86_64,8,64,1,32,8,64,1,256,16,64,4,4096,4,DDR3,1600,8,5242.44,4096
IntelCore2Duo_DDR2667_2GB,1.6,X86_64,8,64,1,32,2,64,1,512,0,0,0,0,2,DDR2,667,1,9219.52,2048
IntelCore2Duo_DDR2667_2GB,1.6,X86_64,8,64,1,32,2,64,1,512,0,0,0,0,2,DDR2,667,2,8304.6,2048
IntelCore2Duo_DDR2667_2GB,1.6,X86_64,8,64,1,32,2,64,1,512,0,0,0,0,2,DDR2,667,3,6921.6,2048
IntelCore2Duo_DDR2667_2GB,1.6,X86_64,8,64,1,32,2,64,1,512,0,0,0,0,2,DDR2,667,4,8165.16,2048
IntelCore2Duo_DDR2667_2GB,1.6,X86_64,8,64,1,32,2,64,1,512,0,0,0,0,2,DDR2,667,5,7341.16,2048
IntelCore2Duo_DDR2667_2GB,1.6,X86_64,8,64,1,32,2,64,1,512,0,0,0,0,2,DDR2,667,6,7071.84,2048
IntelCore2Duo_DDR2667_2GB,1.6,X86_64,8,64,1,32,2,64,1,512,0,0,0,0,2,DDR2,667,7,6956.48,2048
IntelCore2Duo_DDR2667_2GB,1.6,X86_64,8,64,1,32,2,64,1,512,0,0,0,0,2,DDR2,667,8,12007.44,2048
IntelCorei54460_DDR31600_4GB,3.2,X86_64,8,64,1,32,8,64,1,256,12,64,4,6144,4,DDR3,1600,1,9219.52,2048
IntelCorei54460_DDR31600_4GB,3.2,X86_64,8,64,1,32,8,64,1,256,12,64,4,6144,4,DDR3,1600,2,8304.6,2048
IntelCorei54460_DDR31600_4GB,3.2,X86_64,8,64,1,32,8,64,1,256,12,64,4,6144,4,DDR3,1600,3,6921.6,2048
IntelCorei54460_DDR31600_4GB,3.2,X86_64,8,64,1,32,8,64,1,256,12,64,4,6144,4,DDR3,1600,4,8165.16,2048
IntelCorei54460_DDR31600_4GB,3.2,X86_64,8,64,1,32,8,64,1,256,12,64,4,6144,4,DDR3,1600,5,7341.16,2048
IntelCorei54460_DDR31600_4GB,3.2,X86_64,8,64,1,32,8,64,1,256,12,64,4,6144,4,DDR3,1600,6,7071.84,2048
IntelCorei54460_DDR31600_4GB,3.2,X86_64,8,64,1,32,8,64,1,256,12,64,4,6144,4,DDR3,1600,7,6956.48,2048
IntelCorei54460_DDR31600_4GB,3.2,X86_64,8,64,1,32,8,64,1,256,12,64,4,6144,4,DDR3,1600,8,12007.44,2048
IntelCorei56500_DDR31600_4GB,3.2,X86_64,8,64,1,32,4,64,1,256,12,64,4,6144,4,DDR3,1600,1,9219.52,4096
IntelCorei56500_DDR31600_4GB,3.2,X86_64,8,64,1,32,4,64,1,256,12,64,4,6144,4,DDR3,1600,2,8304.6,4096
IntelCorei56500_DDR31600_4GB,3.2,X86_64,8,64,1,32,4,64,1,256,12,64,4,6144,4,DDR3,1600,3,6921.6,4096
IntelCorei56500_DDR31600_4GB,3.2,X86_64,8,64,1,32,4,64,1,256,12,64,4,6144,4,DDR3,1600,4,8165.16,4096
IntelCorei56500_DDR31600_4GB,3.2,X86_64,8,64,1,32,4,64,1,256,12,64,4,6144,4,DDR3,1600,5,7341.16,4096
IntelCorei56500_DDR31600_4GB,3.2,X86_64,8,64,1,32,4,64,1,256,12,64,4,6144,4,DDR3,1600,6,7071.84,4096
IntelCorei56500_DDR31600_4GB,3.2,X86_64,8,64,1,32,4,64,1,256,12,64,4,6144,4,DDR3,1600,7,6956.48,4096
IntelCorei56500_DDR31600_4GB,3.2,X86_64,8,64,1,32,4,64,1,256,12,64,4,6144,4,DDR3,1600,8,12007.44,4096
IntelXeonE52620_DDR41866_16GB,2.4,X86_64,8,64,1,32,8,64,1,256,8,64,12,15360,16,DDR4,1866,1,15577.2,32768
IntelXeonE52620_DDR41866_16GB,2.4,X86_64,8,64,1,32,8,64,1,256,8,64,12,15360,16,DDR4,1866,2,12911.44,32768
IntelXeonE52620_DDR41866_16GB,2.4,X86_64,8,64,1,32,8,64,1,256,8,64,12,15360,16,DDR4,1866,3,12609.04,32768
IntelXeonE52620_DDR41866_16GB,2.4,X86_64,8,64,1,32,8,64,1,256,8,64,12,15360,16,DDR4,1866,4,11741.2,32768
IntelXeonE52620_DDR41866_16GB,2.4,X86_64,8,64,1,32,8,64,1,256,8,64,12,15360,16,DDR4,1866,5,11035.56,32768
IntelXeonE52620_DDR41866_16GB,2.4,X86_64,8,64,1,32,8,64,1,256,8,64,12,15360,16,DDR4,1866,6,10848.56,32768
IntelXeonE52620_DDR41866_16GB,2.4,X86_64,8,64,1,32,8,64,1,256,8,64,12,15360,16,DDR4,1866,7,11666.68,32768
IntelXeonE52620_DDR41866_16GB,2.4,X86_64,8,64,1,32,8,64,1,256,8,64,12,15360,16,DDR4,1866,8,11359.56,32768
IntelCorei56500_DDR42133_4GB,3.2,X86_64,8,64,1,32,4,64,1,256,12,64,4,6144,4,DDR4,2133,1,9219.52,4096
IntelCorei56500_DDR42133_4GB,3.2,X86_64,8,64,1,32,4,64,1,256,12,64,4,6144,4,DDR4,2133,2,8304.6,4096
IntelCorei56500_DDR42133_4GB,3.2,X86_64,8,64,1,32,4,64,1,256,12,64,4,6144,4,DDR4,2133,3,6921.6,4096
IntelCorei56500_DDR42133_4GB,3.2,X86_64,8,64,1,32,4,64,1,256,12,64,4,6144,4,DDR4,2133,4,8165.16,4096
IntelCorei56500_DDR42133_4GB,3.2,X86_64,8,64,1,32,4,64,1,256,12,64,4,6144,4,DDR4,2133,5,7341.16,4096
IntelCorei56500_DDR42133_4GB,3.2,X86_64,8,64,1,32,4,64,1,256,12,64,4,6144,4,DDR4,2133,6,7071.84,4096
IntelCorei56500_DDR42133_4GB,3.2,X86_64,8,64,1,32,4,64,1,256,12,64,4,6144,4,DDR4,2133,7,6956.48,4096
IntelCorei56500_DDR42133_4GB,3.2,X86_64,8,64,1,32,4,64,1,256,12,64,4,6144,4,DDR4,2133,8,12007.44,4096
IntelCorei53470_DDR31600_4GB,3.2,X86_64,8,64,1,32,4,64,1,256,12,64,4,6144,4,DDR3,1600,1,9219.52,1024
IntelCorei53470_DDR31600_4GB,3.2,X86_64,8,64,1,32,4,64,1,256,12,64,4,6144,4,DDR3,1600,2,8304.6,1024
IntelCorei53470_DDR31600_4GB,3.2,X86_64,8,64,1,32,4,64,1,256,12,64,4,6144,4,DDR3,1600,3,6921.6,1024
IntelCorei53470_DDR31600_4GB,3.2,X86_64,8,64,1,32,4,64,1,256,12,64,4,6144,4,DDR3,1600,4,8165.16,1024
IntelCorei53470_DDR31600_4GB,3.2,X86_64,8,64,1,32,4,64,1,256,12,64,4,6144,4,DDR3,1600,5,7341.16,1024
IntelCorei53470_DDR31600_4GB,3.2,X86_64,8,64,1,32,4,64,1,256,12,64,4,6144,4,DDR3,1600,6,7071.84,1024
IntelCorei53470_DDR31600_4GB,3.2,X86_64,8,64,1,32,4,64,1,256,12,64,4,6144,4,DDR3,1600,7,6956.48,1024
IntelCorei53470_DDR31600_4GB,3.2,X86_64,8,64,1,32,4,64,1,256,12,64,4,6144,4,DDR3,1600,8,12007.44,1024
IntelCorei53470_DDR31600_4GB,3.4,X86_64,16,64,1,32,16,64,1,256,48,64,4,6144,4,DDR3,1600,1,9219.52,1024
IntelCorei53470_DDR31600_4GB,3.4,X86_64,16,64,1,32,16,64,1,256,48,64,4,6144,4,DDR3,1600,2,8304.6,1024
IntelCorei53470_DDR31600_4GB,3.4,X86_64,16,64,1,32,16,64,1,256,48,64,4,6144,4,DDR3,1600,3,6921.6,1024
IntelCorei53470_DDR31600_4GB,3.4,X86_64,16,64,1,32,16,64,1,256,48,64,4,6144,4,DDR3,1600,4,8165.16,1024
IntelCorei53470_DDR31600_4GB,3.4,X86_64,16,64,1,32,16,64,1,256,48,64,4,6144,4,DDR3,1600,5,7341.16,1024
IntelCorei53470_DDR31600_4GB,3.4,X86_64,16,64,1,32,16,64,1,256,48,64,4,6144,4,DDR3,1600,6,7071.84,1024
IntelCorei53470_DDR31600_4GB,3.4,X86_64,16,64,1,32,16,64,1,256,48,64,4,6144,4,DDR3,1600,7,6956.48,1024
IntelCorei53470_DDR31600_4GB,3.4,X86_64,16,64,1,32,16,64,1,256,48,64,4,6144,4,DDR3,1600,8,12007.44,1024
IntelCorei76500U_DDR31600_8GB,3,X86_64,8,64,1,32,8,64,1,256,16,64,4,4096,4,DDR3,1600,1,9219.52,4096
IntelCorei76500U_DDR31600_8GB,3,X86_64,8,64,1,32,8,64,1,256,16,64,4,4096,4,DDR3,1600,2,8304.6,4096
IntelCorei76500U_DDR31600_8GB,3,X86_64,8,64,1,32,8,64,1,256,16,64,4,4096,4,DDR3,1600,3,6921.6,4096
IntelCorei76500U_DDR31600_8GB,3,X86_64,8,64,1,32,8,64,1,256,16,64,4,4096,4,DDR3,1600,4,8165.16,4096
IntelCorei76500U_DDR31600_8GB,3,X86_64,8,64,1,32,8,64,1,256,16,64,4,4096,4,DDR3,1600,5,7341.16,4096
IntelCorei76500U_DDR31600_8GB,3,X86_64,8,64,1,32,8,64,1,256,16,64,4,4096,4,DDR3,1600,6,7071.84,4096
IntelCorei76500U_DDR31600_8GB,3,X86_64,8,64,1,32,8,64,1,256,16,64,4,4096,4,DDR3,1600,7,6956.48,4096
IntelCorei76500U_DDR31600_8GB,3,X86_64,8,64,1,32,8,64,1,256,16,64,4,4096,4,DDR3,1600,8,12007.44,4096
IntelCore2Duo_DDR2667_2GB,1.6,X86_64,8,64,1,32,2,64,1,512,0,0,0,0,2,DDR2,667,1,10279.4,2048
IntelCore2Duo_DDR2667_2GB,1.6,X86_64,8,64,1,32,2,64,1,512,0,0,0,0,2,DDR2,667,2,9566,2048
IntelCore2Duo_DDR2667_2GB,1.6,X86_64,8,64,1,32,2,64,1,512,0,0,0,0,2,DDR2,667,3,9817.96,2048
IntelCore2Duo_DDR2667_2GB,1.6,X86_64,8,64,1,32,2,64,1,512,0,0,0,0,2,DDR2,667,4,9801.76,2048
IntelCore2Duo_DDR2667_2GB,1.6,X86_64,8,64,1,32,2,64,1,512,0,0,0,0,2,DDR2,667,5,8584.4,2048
IntelCore2Duo_DDR2667_2GB,1.6,X86_64,8,64,1,32,2,64,1,512,0,0,0,0,2,DDR2,667,6,8324.96,2048
IntelCore2Duo_DDR2667_2GB,1.6,X86_64,8,64,1,32,2,64,1,512,0,0,0,0,2,DDR2,667,7,8302.04,2048
IntelCore2Duo_DDR2667_2GB,1.6,X86_64,8,64,1,32,2,64,1,512,0,0,0,0,2,DDR2,667,8,8551.56,2048
IntelCorei54460_DDR31600_4GB,3.2,X86_64,8,64,1,32,8,64,1,256,12,64,4,6144,4,DDR3,1600,1,10279.4,2048
IntelCorei54460_DDR31600_4GB,3.2,X86_64,8,64,1,32,8,64,1,256,12,64,4,6144,4,DDR3,1600,2,9566,2048
IntelCorei54460_DDR31600_4GB,3.2,X86_64,8,64,1,32,8,64,1,256,12,64,4,6144,4,DDR3,1600,3,9817.96,2048
IntelCorei54460_DDR31600_4GB,3.2,X86_64,8,64,1,32,8,64,1,256,12,64,4,6144,4,DDR3,1600,4,9801.76,2048
IntelCorei54460_DDR31600_4GB,3.2,X86_64,8,64,1,32,8,64,1,256,12,64,4,6144,4,DDR3,1600,5,8584.4,2048
IntelCorei54460_DDR31600_4GB,3.2,X86_64,8,64,1,32,8,64,1,256,12,64,4,6144,4,DDR3,1600,6,8324.96,2048
IntelCorei54460_DDR31600_4GB,3.2,X86_64,8,64,1,32,8,64,1,256,12,64,4,6144,4,DDR3,1600,7,8302.04,2048
IntelCorei54460_DDR31600_4GB,3.2,X86_64,8,64,1,32,8,64,1,256,12,64,4,6144,4,DDR3,1600,8,8551.56,2048
IntelCorei56500_DDR31600_4GB,3.2,X86_64,8,64,1,32,4,64,1,256,12,64,4,6144,4,DDR3,1600,1,10279.4,4096
IntelCorei56500_DDR31600_4GB,3.2,X86_64,8,64,1,32,4,64,1,256,12,64,4,6144,4,DDR3,1600,2,9566,4096
IntelCorei56500_DDR31600_4GB,3.2,X86_64,8,64,1,32,4,64,1,256,12,64,4,6144,4,DDR3,1600,3,9817.96,4096
IntelCorei56500_DDR31600_4GB,3.2,X86_64,8,64,1,32,4,64,1,256,12,64,4,6144,4,DDR3,1600,4,9801.76,4096
IntelCorei56500_DDR31600_4GB,3.2,X86_64,8,64,1,32,4,64,1,256,12,64,4,6144,4,DDR3,1600,5,8584.4,4096
IntelCorei56500_DDR31600_4GB,3.2,X86_64,8,64,1,32,4,64,1,256,12,64,4,6144,4,DDR3,1600,6,8324.96,4096
IntelCorei56500_DDR31600_4GB,3.2,X86_64,8,64,1,32,4,64,1,256,12,64,4,6144,4,DDR3,1600,7,8302.04,4096
IntelCorei56500_DDR31600_4GB,3.2,X86_64,8,64,1,32,4,64,1,256,12,64,4,6144,4,DDR3,1600,8,8551.56,4096
IntelXeonE52620_DDR41866_16GB,2.4,X86_64,8,64,1,32,8,64,1,256,8,64,12,15360,16,DDR4,1866,1,16667.32,32768
IntelXeonE52620_DDR41866_16GB,2.4,X86_64,8,64,1,32,8,64,1,256,8,64,12,15360,16,DDR4,1866,2,13237.08,32768
IntelXeonE52620_DDR41866_16GB,2.4,X86_64,8,64,1,32,8,64,1,256,8,64,12,15360,16,DDR4,1866,3,12854.2,32768
IntelXeonE52620_DDR41866_16GB,2.4,X86_64,8,64,1,32,8,64,1,256,8,64,12,15360,16,DDR4,1866,4,11938.4,32768
IntelXeonE52620_DDR41866_16GB,2.4,X86_64,8,64,1,32,8,64,1,256,8,64,12,15360,16,DDR4,1866,5,11377.12,32768
IntelXeonE52620_DDR41866_16GB,2.4,X86_64,8,64,1,32,8,64,1,256,8,64,12,15360,16,DDR4,1866,6,10500.2,32768
IntelXeonE52620_DDR41866_16GB,2.4,X86_64,8,64,1,32,8,64,1,256,8,64,12,15360,16,DDR4,1866,7,10326.64,32768
IntelXeonE52620_DDR41866_16GB,2.4,X86_64,8,64,1,32,8,64,1,256,8,64,12,15360,16,DDR4,1866,8,10421.08,32768
IntelCorei56500_DDR42133_4GB,3.2,X86_64,8,64,1,32,4,64,1,256,12,64,4,6144,4,DDR4,2133,1,10279.4,4096
IntelCorei56500_DDR42133_4GB,3.2,X86_64,8,64,1,32,4,64,1,256,12,64,4,6144,4,DDR4,2133,2,9566,4096
IntelCorei56500_DDR42133_4GB,3.2,X86_64,8,64,1,32,4,64,1,256,12,64,4,6144,4,DDR4,2133,3,9817.96,4096
IntelCorei56500_DDR42133_4GB,3.2,X86_64,8,64,1,32,4,64,1,256,12,64,4,6144,4,DDR4,2133,4,9801.76,4096
IntelCorei56500_DDR42133_4GB,3.2,X86_64,8,64,1,32,4,64,1,256,12,64,4,6144,4,DDR4,2133,5,8584.4,4096
IntelCorei56500_DDR42133_4GB,3.2,X86_64,8,64,1,32,4,64,1,256,12,64,4,6144,4,DDR4,2133,6,8324.96,4096
IntelCorei56500_DDR42133_4GB,3.2,X86_64,8,64,1,32,4,64,1,256,12,64,4,6144,4,DDR4,2133,7,8302.04,4096
IntelCorei56500_DDR42133_4GB,3.2,X86_64,8,64,1,32,4,64,1,256,12,64,4,6144,4,DDR4,2133,8,8551.56,4096
IntelCorei53470_DDR31600_4GB,3.2,X86_64,8,64,1,32,4,64,1,256,12,64,4,6144,4,DDR3,1600,1,10279.4,1024
IntelCorei53470_DDR31600_4GB,3.2,X86_64,8,64,1,32,4,64,1,256,12,64,4,6144,4,DDR3,1600,2,9566,1024
IntelCorei53470_DDR31600_4GB,3.2,X86_64,8,64,1,32,4,64,1,256,12,64,4,6144,4,DDR3,1600,3,9817.96,1024
IntelCorei53470_DDR31600_4GB,3.2,X86_64,8,64,1,32,4,64,1,256,12,64,4,6144,4,DDR3,1600,4,9801.76,1024
IntelCorei53470_DDR31600_4GB,3.2,X86_64,8,64,1,32,4,64,1,256,12,64,4,6144,4,DDR3,1600,5,8584.4,1024
IntelCorei53470_DDR31600_4GB,3.2,X86_64,8,64,1,32,4,64,1,256,12,64,4,6144,4,DDR3,1600,6,8324.96,1024
IntelCorei53470_DDR31600_4GB,3.2,X86_64,8,64,1,32,4,64,1,256,12,64,4,6144,4,DDR3,1600,7,8302.04,1024
IntelCorei53470_DDR31600_4GB,3.2,X86_64,8,64,1,32,4,64,1,256,12,64,4,6144,4,DDR3,1600,8,8551.56,1024
IntelCorei53470_DDR31600_4GB,3.4,X86_64,16,64,1,32,16,64,1,256,48,64,4,6144,4,DDR3,1600,1,10279.4,1024
IntelCorei53470_DDR31600_4GB,3.4,X86_64,16,64,1,32,16,64,1,256,48,64,4,6144,4,DDR3,1600,2,9566,1024
IntelCorei53470_DDR31600_4GB,3.4,X86_64,16,64,1,32,16,64,1,256,48,64,4,6144,4,DDR3,1600,3,9817.96,1024
IntelCorei53470_DDR31600_4GB,3.4,X86_64,16,64,1,32,16,64,1,256,48,64,4,6144,4,DDR3,1600,4,9801.76,1024
IntelCorei53470_DDR31600_4GB,3.4,X86_64,16,64,1,32,16,64,1,256,48,64,4,6144,4,DDR3,1600,5,8584.4,1024
IntelCorei53470_DDR31600_4GB,3.4,X86_64,16,64,1,32,16,64,1,256,48,64,4,6144,4,DDR3,1600,6,8324.96,1024
IntelCorei53470_DDR31600_4GB,3.4,X86_64,16,64,1,32,16,64,1,256,48,64,4,6144,4,DDR3,1600,7,8302.04,1024
IntelCorei53470_DDR31600_4GB,3.4,X86_64,16,64,1,32,16,64,1,256,48,64,4,6144,4,DDR3,1600,8,8551.56,1024
IntelCorei76500U_DDR31600_8GB,3,X86_64,8,64,1,32,8,64,1,256,16,64,4,4096,4,DDR3,1600,1,10279.4,4096
IntelCorei76500U_DDR31600_8GB,3,X86_64,8,64,1,32,8,64,1,256,16,64,4,4096,4,DDR3,1600,2,9566,4096
IntelCorei76500U_DDR31600_8GB,3,X86_64,8,64,1,32,8,64,1,256,16,64,4,4096,4,DDR3,1600,3,9817.96,4096
IntelCorei76500U_DDR31600_8GB,3,X86_64,8,64,1,32,8,64,1,256,16,64,4,4096,4,DDR3,1600,4,9801.76,4096
IntelCorei76500U_DDR31600_8GB,3,X86_64,8,64,1,32,8,64,1,256,16,64,4,4096,4,DDR3,1600,5,8584.4,4096
IntelCorei76500U_DDR31600_8GB,3,X86_64,8,64,1,32,8,64,1,256,16,64,4,4096,4,DDR3,1600,6,8324.96,4096
IntelCorei76500U_DDR31600_8GB,3,X86_64,8,64,1,32,8,64,1,256,16,64,4,4096,4,DDR3,1600,7,8302.04,4096
IntelCorei76500U_DDR31600_8GB,3,X86_64,8,64,1,32,8,64,1,256,16,64,4,4096,4,DDR3,1600,8,8551.56,4096
IntelCore2Duo_DDR2667_2GB,1.6,X86_64,8,64,1,32,2,64,1,512,0,0,0,0,2,DDR2,667,1,19453.48,2048
IntelCore2Duo_DDR2667_2GB,1.6,X86_64,8,64,1,32,2,64,1,512,0,0,0,0,2,DDR2,667,2,12893.76,2048
IntelCore2Duo_DDR2667_2GB,1.6,X86_64,8,64,1,32,2,64,1,512,0,0,0,0,2,DDR2,667,3,16431.68,2048
IntelCore2Duo_DDR2667_2GB,1.6,X86_64,8,64,1,32,2,64,1,512,0,0,0,0,2,DDR2,667,4,19509.04,2048
IntelCore2Duo_DDR2667_2GB,1.6,X86_64,8,64,1,32,2,64,1,512,0,0,0,0,2,DDR2,667,5,10246.36,2048
IntelCore2Duo_DDR2667_2GB,1.6,X86_64,8,64,1,32,2,64,1,512,0,0,0,0,2,DDR2,667,6,10192.52,2048
IntelCore2Duo_DDR2667_2GB,1.6,X86_64,8,64,1,32,2,64,1,512,0,0,0,0,2,DDR2,667,7,9975.44,2048
IntelCore2Duo_DDR2667_2GB,1.6,X86_64,8,64,1,32,2,64,1,512,0,0,0,0,2,DDR2,667,8,9941.28,2048
IntelCorei54460_DDR31600_4GB,3.2,X86_64,8,64,1,32,8,64,1,256,12,64,4,6144,4,DDR3,1600,1,19453.48,2048
IntelCorei54460_DDR31600_4GB,3.2,X86_64,8,64,1,32,8,64,1,256,12,64,4,6144,4,DDR3,1600,2,12893.76,2048
IntelCorei54460_DDR31600_4GB,3.2,X86_64,8,64,1,32,8,64,1,256,12,64,4,6144,4,DDR3,1600,3,16431.68,2048
IntelCorei54460_DDR31600_4GB,3.2,X86_64,8,64,1,32,8,64,1,256,12,64,4,6144,4,DDR3,1600,4,19509.04,2048
IntelCorei54460_DDR31600_4GB,3.2,X86_64,8,64,1,32,8,64,1,256,12,64,4,6144,4,DDR3,1600,5,10246.36,2048
IntelCorei54460_DDR31600_4GB,3.2,X86_64,8,64,1,32,8,64,1,256,12,64,4,6144,4,DDR3,1600,6,10192.52,2048
IntelCorei54460_DDR31600_4GB,3.2,X86_64,8,64,1,32,8,64,1,256,12,64,4,6144,4,DDR3,1600,7,9975.44,2048
IntelCorei54460_DDR31600_4GB,3.2,X86_64,8,64,1,32,8,64,1,256,12,64,4,6144,4,DDR3,1600,8,9941.28,2048
IntelCorei56500_DDR31600_4GB,3.2,X86_64,8,64,1,32,4,64,1,256,12,64,4,6144,4,DDR3,1600,1,19453.48,4096
IntelCorei56500_DDR31600_4GB,3.2,X86_64,8,64,1,32,4,64,1,256,12,64,4,6144,4,DDR3,1600,2,12893.76,4096
IntelCorei56500_DDR31600_4GB,3.2,X86_64,8,64,1,32,4,64,1,256,12,64,4,6144,4,DDR3,1600,3,16431.68,4096
IntelCorei56500_DDR31600_4GB,3.2,X86_64,8,64,1,32,4,64,1,256,12,64,4,6144,4,DDR3,1600,4,19509.04,4096
IntelCorei56500_DDR31600_4GB,3.2,X86_64,8,64,1,32,4,64,1,256,12,64,4,6144,4,DDR3,1600,5,10246.36,4096
IntelCorei56500_DDR31600_4GB,3.2,X86_64,8,64,1,32,4,64,1,256,12,64,4,6144,4,DDR3,1600,6,10192.52,4096
IntelCorei56500_DDR31600_4GB,3.2,X86_64,8,64,1,32,4,64,1,256,12,64,4,6144,4,DDR3,1600,7,9975.44,4096
IntelCorei56500_DDR31600_4GB,3.2,X86_64,8,64,1,32,4,64,1,256,12,64,4,6144,4,DDR3,1600,8,9941.28,4096
IntelXeonE52620_DDR41866_16GB,2.4,X86_64,8,64,1,32,8,64,1,256,8,64,12,15360,16,DDR4,1866,1,21406.92,32768
IntelXeonE52620_DDR41866_16GB,2.4,X86_64,8,64,1,32,8,64,1,256,8,64,12,15360,16,DDR4,1866,2,16325.6,32768
IntelXeonE52620_DDR41866_16GB,2.4,X86_64,8,64,1,32,8,64,1,256,8,64,12,15360,16,DDR4,1866,3,15420.08,32768
IntelXeonE52620_DDR41866_16GB,2.4,X86_64,8,64,1,32,8,64,1,256,8,64,12,15360,16,DDR4,1866,4,15058.4,32768
IntelXeonE52620_DDR41866_16GB,2.4,X86_64,8,64,1,32,8,64,1,256,8,64,12,15360,16,DDR4,1866,5,14337.36,32768
IntelXeonE52620_DDR41866_16GB,2.4,X86_64,8,64,1,32,8,64,1,256,8,64,12,15360,16,DDR4,1866,6,14006.48,32768
IntelXeonE52620_DDR41866_16GB,2.4,X86_64,8,64,1,32,8,64,1,256,8,64,12,15360,16,DDR4,1866,7,13403.08,32768
IntelXeonE52620_DDR41866_16GB,2.4,X86_64,8,64,1,32,8,64,1,256,8,64,12,15360,16,DDR4,1866,8,13787.44,32768
IntelCorei56500_DDR42133_4GB,3.2,X86_64,8,64,1,32,4,64,1,256,12,64,4,6144,4,DDR4,2133,1,19453.48,4096
IntelCorei56500_DDR42133_4GB,3.2,X86_64,8,64,1,32,4,64,1,256,12,64,4,6144,4,DDR4,2133,2,12893.76,4096
IntelCorei56500_DDR42133_4GB,3.2,X86_64,8,64,1,32,4,64,1,256,12,64,4,6144,4,DDR4,2133,3,16431.68,4096
IntelCorei56500_DDR42133_4GB,3.2,X86_64,8,64,1,32,4,64,1,256,12,64,4,6144,4,DDR4,2133,4,19509.04,4096
IntelCorei56500_DDR42133_4GB,3.2,X86_64,8,64,1,32,4,64,1,256,12,64,4,6144,4,DDR4,2133,5,10246.36,4096
IntelCorei56500_DDR42133_4GB,3.2,X86_64,8,64,1,32,4,64,1,256,12,64,4,6144,4,DDR4,2133,6,10192.52,4096
IntelCorei56500_DDR42133_4GB,3.2,X86_64,8,64,1,32,4,64,1,256,12,64,4,6144,4,DDR4,2133,7,9975.44,4096
IntelCorei56500_DDR42133_4GB,3.2,X86_64,8,64,1,32,4,64,1,256,12,64,4,6144,4,DDR4,2133,8,9941.28,4096
IntelCorei53470_DDR31600_4GB,3.2,X86_64,8,64,1,32,4,64,1,256,12,64,4,6144,4,DDR3,1600,1,19453.48,1024
IntelCorei53470_DDR31600_4GB,3.2,X86_64,8,64,1,32,4,64,1,256,12,64,4,6144,4,DDR3,1600,2,12893.76,1024
IntelCorei53470_DDR31600_4GB,3.2,X86_64,8,64,1,32,4,64,1,256,12,64,4,6144,4,DDR3,1600,3,16431.68,1024
IntelCorei53470_DDR31600_4GB,3.2,X86_64,8,64,1,32,4,64,1,256,12,64,4,6144,4,DDR3,1600,4,19509.04,1024
IntelCorei53470_DDR31600_4GB,3.2,X86_64,8,64,1,32,4,64,1,256,12,64,4,6144,4,DDR3,1600,5,10246.36,1024
IntelCorei53470_DDR31600_4GB,3.2,X86_64,8,64,1,32,4,64,1,256,12,64,4,6144,4,DDR3,1600,6,10192.52,1024
IntelCorei53470_DDR31600_4GB,3.2,X86_64,8,64,1,32,4,64,1,256,12,64,4,6144,4,DDR3,1600,7,9975.44,1024
IntelCorei53470_DDR31600_4GB,3.2,X86_64,8,64,1,32,4,64,1,256,12,64,4,6144,4,DDR3,1600,8,9941.28,1024
IntelCorei53470_DDR31600_4GB,3.4,X86_64,16,64,1,32,16,64,1,256,48,64,4,6144,4,DDR3,1600,1,19453.48,1024
IntelCorei53470_DDR31600_4GB,3.4,X86_64,16,64,1,32,16,64,1,256,48,64,4,6144,4,DDR3,1600,2,12893.76,1024
IntelCorei53470_DDR31600_4GB,3.4,X86_64,16,64,1,32,16,64,1,256,48,64,4,6144,4,DDR3,1600,3,16431.68,1024
IntelCorei53470_DDR31600_4GB,3.4,X86_64,16,64,1,32,16,64,1,256,48,64,4,6144,4,DDR3,1600,4,19509.04,1024
IntelCorei53470_DDR31600_4GB,3.4,X86_64,16,64,1,32,16,64,1,256,48,64,4,6144,4,DDR3,1600,5,10246.36,1024
IntelCorei53470_DDR31600_4GB,3.4,X86_64,16,64,1,32,16,64,1,256,48,64,4,6144,4,DDR3,1600,6,10192.52,1024
IntelCorei53470_DDR31600_4GB,3.4,X86_64,16,64,1,32,16,64,1,256,48,64,4,6144,4,DDR3,1600,7,9975.44,1024
IntelCorei53470_DDR31600_4GB,3.4,X86_64,16,64,1,32,16,64,1,256,48,64,4,6144,4,DDR3,1600,8,9941.28,1024
IntelCorei76500U_DDR31600_8GB,3,X86_64,8,64,1,32,8,64,1,256,16,64,4,4096,4,DDR3,1600,1,19453.48,4096
IntelCorei76500U_DDR31600_8GB,3,X86_64,8,64,1,32,8,64,1,256,16,64,4,4096,4,DDR3,1600,2,12893.76,4096
IntelCorei76500U_DDR31600_8GB,3,X86_64,8,64,1,32,8,64,1,256,16,64,4,4096,4,DDR3,1600,3,16431.68,4096
IntelCorei76500U_DDR31600_8GB,3,X86_64,8,64,1,32,8,64,1,256,16,64,4,4096,4,DDR3,1600,4,19509.04,4096
IntelCorei76500U_DDR31600_8GB,3,X86_64,8,64,1,32,8,64,1,256,16,64,4,4096,4,DDR3,1600,5,10246.36,4096
IntelCorei76500U_DDR31600_8GB,3,X86_64,8,64,1,32,8,64,1,256,16,64,4,4096,4,DDR3,1600,6,10192.52,4096
IntelCorei76500U_DDR31600_8GB,3,X86_64,8,64,1,32,8,64,1,256,16,64,4,4096,4,DDR3,1600,7,9975.44,4096
IntelCorei76500U_DDR31600_8GB,3,X86_64,8,64,1,32,8,64,1,256,16,64,4,4096,4,DDR3,1600,8,9941.28,4096
IntelCore2Duo_DDR2667_2GB,1.6,X86_64,8,64,1,32,2,64,1,512,0,0,0,0,2,DDR2,667,1,33472.68,2048
IntelCore2Duo_DDR2667_2GB,1.6,X86_64,8,64,1,32,2,64,1,512,0,0,0,0,2,DDR2,667,2,13442.84,2048
IntelCore2Duo_DDR2667_2GB,1.6,X86_64,8,64,1,32,2,64,1,512,0,0,0,0,2,DDR2,667,3,13031.44,2048
IntelCore2Duo_DDR2667_2GB,1.6,X86_64,8,64,1,32,2,64,1,512,0,0,0,0,2,DDR2,667,4,11377.76,2048
IntelCore2Duo_DDR2667_2GB,1.6,X86_64,8,64,1,32,2,64,1,512,0,0,0,0,2,DDR2,667,5,11508.64,2048
IntelCore2Duo_DDR2667_2GB,1.6,X86_64,8,64,1,32,2,64,1,512,0,0,0,0,2,DDR2,667,6,11411.8,2048
IntelCore2Duo_DDR2667_2GB,1.6,X86_64,8,64,1,32,2,64,1,512,0,0,0,0,2,DDR2,667,7,11306.24,2048
IntelCore2Duo_DDR2667_2GB,1.6,X86_64,8,64,1,32,2,64,1,512,0,0,0,0,2,DDR2,667,8,11208.12,2048
IntelCorei54460_DDR31600_4GB,3.2,X86_64,8,64,1,32,8,64,1,256,12,64,4,6144,4,DDR3,1600,1,33472.68,2048
IntelCorei54460_DDR31600_4GB,3.2,X86_64,8,64,1,32,8,64,1,256,12,64,4,6144,4,DDR3,1600,2,13442.84,2048
IntelCorei54460_DDR31600_4GB,3.2,X86_64,8,64,1,32,8,64,1,256,12,64,4,6144,4,DDR3,1600,3,13031.44,2048
IntelCorei54460_DDR31600_4GB,3.2,X86_64,8,64,1,32,8,64,1,256,12,64,4,6144,4,DDR3,1600,4,11377.76,2048
IntelCorei54460_DDR31600_4GB,3.2,X86_64,8,64,1,32,8,64,1,256,12,64,4,6144,4,DDR3,1600,5,11508.64,2048
IntelCorei54460_DDR31600_4GB,3.2,X86_64,8,64,1,32,8,64,1,256,12,64,4,6144,4,DDR3,1600,6,11411.8,2048
IntelCorei54460_DDR31600_4GB,3.2,X86_64,8,64,1,32,8,64,1,256,12,64,4,6144,4,DDR3,1600,7,11306.24,2048
IntelCorei54460_DDR31600_4GB,3.2,X86_64,8,64,1,32,8,64,1,256,12,64,4,6144,4,DDR3,1600,8,11208.12,2048
IntelCorei56500_DDR31600_4GB,3.2,X86_64,8,64,1,32,4,64,1,256,12,64,4,6144,4,DDR3,1600,1,33472.68,4096
IntelCorei56500_DDR31600_4GB,3.2,X86_64,8,64,1,32,4,64,1,256,12,64,4,6144,4,DDR3,1600,2,13442.84,4096
IntelCorei56500_DDR31600_4GB,3.2,X86_64,8,64,1,32,4,64,1,256,12,64,4,6144,4,DDR3,1600,3,13031.44,4096
IntelCorei56500_DDR31600_4GB,3.2,X86_64,8,64,1,32,4,64,1,256,12,64,4,6144,4,DDR3,1600,4,11377.76,4096
IntelCorei56500_DDR31600_4GB,3.2,X86_64,8,64,1,32,4,64,1,256,12,64,4,6144,4,DDR3,1600,5,11508.64,4096
IntelCorei56500_DDR31600_4GB,3.2,X86_64,8,64,1,32,4,64,1,256,12,64,4,6144,4,DDR3,1600,6,11411.8,4096
IntelCorei56500_DDR31600_4GB,3.2,X86_64,8,64,1,32,4,64,1,256,12,64,4,6144,4,DDR3,1600,7,11306.24,4096
IntelCorei56500_DDR31600_4GB,3.2,X86_64,8,64,1,32,4,64,1,256,12,64,4,6144,4,DDR3,1600,8,11208.12,4096
IntelXeonE52620_DDR41866_16GB,2.4,X86_64,8,64,1,32,8,64,1,256,8,64,12,15360,16,DDR4,1866,1,25326.72,32768
IntelXeonE52620_DDR41866_16GB,2.4,X86_64,8,64,1,32,8,64,1,256,8,64,12,15360,16,DDR4,1866,2,20468.04,32768
IntelXeonE52620_DDR41866_16GB,2.4,X86_64,8,64,1,32,8,64,1,256,8,64,12,15360,16,DDR4,1866,3,18689.56,32768
IntelXeonE52620_DDR41866_16GB,2.4,X86_64,8,64,1,32,8,64,1,256,8,64,12,15360,16,DDR4,1866,4,18500.28,32768
IntelXeonE52620_DDR41866_16GB,2.4,X86_64,8,64,1,32,8,64,1,256,8,64,12,15360,16,DDR4,1866,5,17326.24,32768
IntelXeonE52620_DDR41866_16GB,2.4,X86_64,8,64,1,32,8,64,1,256,8,64,12,15360,16,DDR4,1866,6,16728.2,32768
IntelXeonE52620_DDR41866_16GB,2.4,X86_64,8,64,1,32,8,64,1,256,8,64,12,15360,16,DDR4,1866,7,15924.04,32768
IntelXeonE52620_DDR41866_16GB,2.4,X86_64,8,64,1,32,8,64,1,256,8,64,12,15360,16,DDR4,1866,8,16393.44,32768
IntelCorei56500_DDR42133_4GB,3.2,X86_64,8,64,1,32,4,64,1,256,12,64,4,6144,4,DDR4,2133,1,33472.68,4096
IntelCorei56500_DDR42133_4GB,3.2,X86_64,8,64,1,32,4,64,1,256,12,64,4,6144,4,DDR4,2133,2,13442.84,4096
IntelCorei56500_DDR42133_4GB,3.2,X86_64,8,64,1,32,4,64,1,256,12,64,4,6144,4,DDR4,2133,3,13031.44,4096
IntelCorei56500_DDR42133_4GB,3.2,X86_64,8,64,1,32,4,64,1,256,12,64,4,6144,4,DDR4,2133,4,11377.76,4096
IntelCorei56500_DDR42133_4GB,3.2,X86_64,8,64,1,32,4,64,1,256,12,64,4,6144,4,DDR4,2133,5,11508.64,4096
IntelCorei56500_DDR42133_4GB,3.2,X86_64,8,64,1,32,4,64,1,256,12,64,4,6144,4,DDR4,2133,6,11411.8,4096
IntelCorei56500_DDR42133_4GB,3.2,X86_64,8,64,1,32,4,64,1,256,12,64,4,6144,4,DDR4,2133,7,11306.24,4096
IntelCorei56500_DDR42133_4GB,3.2,X86_64,8,64,1,32,4,64,1,256,12,64,4,6144,4,DDR4,2133,8,11208.12,4096
IntelCorei53470_DDR31600_4GB,3.2,X86_64,8,64,1,32,4,64,1,256,12,64,4,6144,4,DDR3,1600,1,33472.68,1024
IntelCorei53470_DDR31600_4GB,3.2,X86_64,8,64,1,32,4,64,1,256,12,64,4,6144,4,DDR3,1600,2,13442.84,1024
IntelCorei53470_DDR31600_4GB,3.2,X86_64,8,64,1,32,4,64,1,256,12,64,4,6144,4,DDR3,1600,3,13031.44,1024
IntelCorei53470_DDR31600_4GB,3.2,X86_64,8,64,1,32,4,64,1,256,12,64,4,6144,4,DDR3,1600,4,11377.76,1024
IntelCorei53470_DDR31600_4GB,3.2,X86_64,8,64,1,32,4,64,1,256,12,64,4,6144,4,DDR3,1600,5,11508.64,1024
IntelCorei53470_DDR31600_4GB,3.2,X86_64,8,64,1,32,4,64,1,256,12,64,4,6144,4,DDR3,1600,6,11411.8,1024
IntelCorei53470_DDR31600_4GB,3.2,X86_64,8,64,1,32,4,64,1,256,12,64,4,6144,4,DDR3,1600,7,11306.24,1024
IntelCorei53470_DDR31600_4GB,3.2,X86_64,8,64,1,32,4,64,1,256,12,64,4,6144,4,DDR3,1600,8,11208.12,1024
IntelCorei53470_DDR31600_4GB,3.4,X86_64,16,64,1,32,16,64,1,256,48,64,4,6144,4,DDR3,1600,1,33472.68,1024
IntelCorei53470_DDR31600_4GB,3.4,X86_64,16,64,1,32,16,64,1,256,48,64,4,6144,4,DDR3,1600,2,13442.84,1024
IntelCorei53470_DDR31600_4GB,3.4,X86_64,16,64,1,32,16,64,1,256,48,64,4,6144,4,DDR3,1600,3,13031.44,1024
IntelCorei53470_DDR31600_4GB,3.4,X86_64,16,64,1,32,16,64,1,256,48,64,4,6144,4,DDR3,1600,4,11377.76,1024
IntelCorei53470_DDR31600_4GB,3.4,X86_64,16,64,1,32,16,64,1,256,48,64,4,6144,4,DDR3,1600,5,11508.64,1024
IntelCorei53470_DDR31600_4GB,3.4,X86_64,16,64,1,32,16,64,1,256,48,64,4,6144,4,DDR3,1600,6,11411.8,1024
IntelCorei53470_DDR31600_4GB,3.4,X86_64,16,64,1,32,16,64,1,256,48,64,4,6144,4,DDR3,1600,7,11306.24,1024
IntelCorei53470_DDR31600_4GB,3.4,X86_64,16,64,1,32,16,64,1,256,48,64,4,6144,4,DDR3,1600,8,11208.12,1024
IntelCorei76500U_DDR31600_8GB,3,X86_64,8,64,1,32,8,64,1,256,16,64,4,4096,4,DDR3,1600,1,33472.68,4096
IntelCorei76500U_DDR31600_8GB,3,X86_64,8,64,1,32,8,64,1,256,16,64,4,4096,4,DDR3,1600,2,13442.84,4096
IntelCorei76500U_DDR31600_8GB,3,X86_64,8,64,1,32,8,64,1,256,16,64,4,4096,4,DDR3,1600,3,13031.44,4096
IntelCorei76500U_DDR31600_8GB,3,X86_64,8,64,1,32,8,64,1,256,16,64,4,4096,4,DDR3,1600,4,11377.76,4096
IntelCorei76500U_DDR31600_8GB,3,X86_64,8,64,1,32,8,64,1,256,16,64,4,4096,4,DDR3,1600,5,11508.64,4096
IntelCorei76500U_DDR31600_8GB,3,X86_64,8,64,1,32,8,64,1,256,16,64,4,4096,4,DDR3,1600,6,11411.8,4096
IntelCorei76500U_DDR31600_8GB,3,X86_64,8,64,1,32,8,64,1,256,16,64,4,4096,4,DDR3,1600,7,11306.24,4096
IntelCorei76500U_DDR31600_8GB,3,X86_64,8,64,1,32,8,64,1,256,16,64,4,4096,4,DDR3,1600,8,11208.12,4096
